-- 5/8/22

CREATE TEMP TABLE cusipandname AS
SELECT 
    f.cusip,
    f.name
FROM fannieplats f
INNER JOIN platswocollats p
ON f.cusip = p.cusip;


\copy cusipandname to 'C:\Users\micha\OneDrive\Desktop\cusipandname.csv' csv header;

-- 5/7/22

-- trying to figure out how I can connect the pool fannies to the platinum fannies 

SELECT COUNT(DISTINCT fannies.cusip)
FROM fannies
INNER JOIN platinums
ON fannies.cusip = platinums.poolcusip;

-- ok so with FNM_MF_202204 we have
 count
--------
 330174

-- pools that have some of their of in platinums... are any of those platinums the fannie platinums... I don't know  

SELECT 
    COUNT(DISTINCT fannies.cusip)
    -- *
FROM fannies
INNER JOIN platinums
ON fannies.cusip = platinums.platcusip;
LIMIT 5;

 count
-------
    47

CREATE TEMP TABLE poolsorplats AS
SELECT 
    DISTINCT fannies.cusip
    -- *
FROM fannies
INNER JOIN platinums
ON fannies.cusip = platinums.platcusip;

SELECT 
    * 
FROM poolsorplats p
INNER JOIN fanniebodies f
ON p.cusip = f.cusip
WHERE f.remainingbalance > 0;
LIMIT 4;

  -- so I thought this would be zero.... 
--   sent david one he says it is matured which I think means that it does not matter but waiting for a reply 

-- will now erase all fannie and fannie bodies put in the platinum fannies and see what I get when I redo this 

TRUNCATE fannies, fanniebodies;

-- so that gives us a total of 

 count
-------
 34671

 SELECT COUNT(DISTINCT fannies.cusip)
FROM fannies
INNER JOIN platinums
ON fannies.cusip = platinums.poolcusip;

 count
-------
 17739

--  we do have like half that show up here as pools but that is ok because platinums can contain platinums

 SELECT 
    COUNT(DISTINCT fannies.cusip)
    -- *
FROM fannies
INNER JOIN platinums
ON fannies.cusip = platinums.platcusip;

 count
-------
 30219

-- so we get most but not all here but the ones we don't get might be paid off??

CREATE TEMP TABLE platswocollats AS
SELECT 
    DISTINCT fannies.cusip
    -- *
FROM fannies
LEFT JOIN platinums
ON fannies.cusip = platinums.platcusip
WHERE platinums.platcusip IS NULL;

--  so that should be one of them... 

fannies=# SELECT * from fanniebodies WHERE cusip = '3140J82E2';
   cusip   | coupon | remainingbalance |   factor   | gwac  | wam | wala |    date    | cfincmos | cfinplats
-----------+--------+------------------+------------+-------+-----+------+------------+----------+-----------
 3140J82E2 |  3.004 |       3651837.39 | 0.23246397 | 3.632 | 287 |   73 | 2022-04-01 |        0 |         0
(1 row)


fannies=# SELECT * from fannies WHERE cusip = '3140J82E2';
   cusip   |  name  | indicator | issuedate  | maturitydate | originalface | istbaelig
-----------+--------+-----------+------------+--------------+--------------+-----------
 3140J82E2 | BM4372 | LB        | 2018-07-01 | 2048-03-01   |     15709262 | none


-- 4/27/22

Prefix|Security Identifier|CUSIP|Security Factor Date|Security Factor|Payment Delay Days|Security Data Correction Indicator|Security Status Indicator|Security Notification Indicator|Security Description|Issuer|Issue Date|Maturity Date|Updated Longest Maturity Date|Issuance Investor Security UPB|Current Investor Security UPB|WA Net Interest Rate|WA Issuance Interest Rate|WA Current Interest Rate|WA Net Accrual Interest Rate|WA Loan Term|WA Issuance Remaining Months to Maturity|WA Current Remaining Months to Maturity|WA Loan Age|WA Mortgage Loan Amount|Average Mortgage Loan Amount|WA Loan-To-Value (LTV)|WA Combined Loan-To-Value (CLTV)|WA Debt-To-Income (DTI)|WA Borrower Credit Score|Filler|Filler|Loan Count|Third Party Origination UPB Percent|Seller Name|Seller City|Seller State|Servicer Name|Servicer City|Servicer State|Delinquent Loans Purchased (Prior Month UPB)|Delinquent Loans Purchased (Loan Count)|Eligible for Resecuritization|Notes|Notes Ongoing|Interest Only Security Indicator|WA Months to Amortization|Prepayment Penalty Indicator|Reduced Minimum Servicing Indicator|Subtype|Index|WA Mortgage Margin|WA MBS PC Margin|Interest Rate Adjustment Frequency|Interest Rate Lookback|Payment Adjustment Frequency|Payment Lookback|Convertibility Indicator|Negative Amortization Indicator|Negative Amortization Factor|WA Negative Amortization Limit|Initial Fixed Rate Period|First Rate Adjustment Date|First Payment Adjustment Date|WA Months to Next Rate Adjustment Date|WA Life Interest Rate Ceiling|WA Net Life Interest Rate Ceiling|WA Life Interest Rate Floor|WA Net Life Interest Rate Floor|Initial Interest Rate Cap Up %|Initial Interest Rate Cap Down %|Periodic Interest Rate Cap Up %|Periodic Interest Rate Cap Down %|Initial Step Fixed-Rate Period|Step Rate Adjustment Frequency|Next Step Rate Adjustment Date|WA Months to Next Step Rate Adjustment|Periodic Step Rate Cap Up %|WA Origination Mortgage Loan Amount|Average Origination Mortgage Loan Amount|WA Origination Interest Rate|WA Origination Loan Term|WA Origination Loan-To-Value (LTV)|WA Origination Combined Loan-To-Value (CLTV)|WA Origination Debt-To-Income (DTI)|WA Origination Credit Score|Filler|Filler|Origination Third Party Origination UPB Percent|WA Estimated Loan-To-Value (ELTV)|WA Updated Credit Score
AS|004569|31360FCE3|042022|0.00023199|55|N|A|7|FNAR XX.XXX AS004569|FNM|07011984|112023|112023|26260359.00|6092.21|5.926|12.176|6.875|5.926|480|381|19|461|63000.00|63000.00|||||||1||WASHINGTON MUTUAL BANK, FA|||JPMORGAN CHASE BANK, NATIONAL ASSOCIATION|COLUMBUS|OH|0.00|0|Y||In connection with the COFI index retirement, Fannie Mae has updated the Index from the FHLBB 11th District Cost of Funds (Monthly Avg) to the Enterprise 11th District COFI Replacement Index Formerly 11th District COFI - Transition Feb2022.|N||N|N|1A F|021|2.199|1.250|1|15|12|0|N|Y|0.00000000|999.999|00|051984|121984|1|16.875|15.926|6.875|5.926|77.777|77.777|77.777|77.777||||||||||||||||||



 CREATE TEMP TABLE IF NOT EXISTS cusips (
    cusip VARCHAR PRIMARY KEY
);

\copy cusips FROM 'C:/Users/micha/Downloads/cusips.csv' DELIMITER ',' CSV 

Select
    fannies.cusip,
    fannies.indicator,
    fannies.issuedate,
    fannies.maturitydate,
    fannies.originalface,
    fannies.istbaelig,
    fanniebodies.coupon,
    fanniebodies.remainingbalance,
    fanniebodies.factor
INTO TEMP TABLE thirtyyr
FROM fanniebodies
INNER JOIN fannies
ON  fanniebodies.cusip = fannies.cusip
WHERE coupon = 1.5
AND istbaelig = '30 year'
AND date = '2022-04-01';

SELECT 
    COUNT(*)
FROM thirtyyr
INNER JOIN cusips
ON thirtyyr.cusip = cusips.cusip;

-- so all their cusips are in mine

SELECT 
    *,
    maturitydate - issuedate
FROM thirtyyr
INNER JOIN cusips
ON thirtyyr.cusip = cusips.cusip
ORDER BY maturitydate - issuedate DESC
LIMIT 10;

(CAST(MAX(maturitydate) AS date) - CAST(MIN(issuedate) AS date)) 

SELECT 
    (ST(maturitydate) AS date) - CAST(MIN(issuedate) AS date))
FROM thirtyyr
INNER JOIN cusips
ON thirtyyr.cusip = cusips.cusip
ORDER BY issuedate DESC
LIMIT 10;



SELECT 
    *,
    maturitydate - issuedate
FROM thirtyyr
LEFT JOIN cusips
ON thirtyyr.cusip = cusips.cusip
WHERE cusips.cusip IS NULL
ORDER BY maturitydate - issuedate DESC
LIMIT 10
;

-- Ten that they say are not 30 year 

   cusip   | indicator | issuedate  | maturitydate | originalface | istbaelig | coupon | remainingbalance |   factor   | cusip
-----------+-----------+------------+--------------+--------------+-----------+--------+------------------+------------+-------
 3140X7HE2 | CL        | 2020-07-01 | 2050-08-01   |     84953407 | 30 year   |    1.5 |      72444728.47 | 0.85275837 |
 3140X7N47 | CT        | 2020-08-01 | 2040-08-01   |     25214561 | 30 year   |    1.5 |      18979125.93 | 0.75270499 |
 3140X7VF3 | CT        | 2020-08-01 | 2040-09-01   |     43530686 | 30 year   |    1.5 |      31141853.11 | 0.71540001 |
 3140X7W54 | CT        | 2020-09-01 | 2040-09-01   |     19751498 | 30 year   |    1.5 |      12571976.27 | 0.63650748 |
 3140X7W96 | CL        | 2020-09-01 | 2050-09-01   |     63870710 | 30 year   |    1.5 |      56584821.69 | 0.88592755 |
 3140X7ZR3 | CL        | 2020-09-01 | 2050-09-01   |     25000000 | 30 year   |    1.5 |      23474815.32 | 0.93899261 |
 3140X75F2 | CL        | 2020-09-01 | 2050-10-01   |     35909428 | 30 year   |    1.5 |       32260014.6 | 0.89837172 |
 3140X75H8 | CT        | 2020-09-01 | 2040-09-01   |     12911064 | 30 year   |    1.5 |       7907562.43 | 0.61246404 |
 3140X8AL1 | CL        | 2020-10-01 | 2050-10-01   |     67804134 | 30 year   |    1.5 |      60254712.09 | 0.88865838 |
 3140X8AQ0 | CL        | 2020-10-01 | 2050-10-01   |     40015715 | 30 year   |    1.5 |      35813938.12 | 0.89499683 |
(10 rows)

-- 2926 all 1.5 coupon 

--  921 1.5 coupon and 30 year


Select 
    SUM(originalface)/1000000 AS original_face,
    SUM(remainingbalance)/1000000 AS current_face
FROM fanniebodies
INNER JOIN fannies
ON  fanniebodies.cusip = fannies.cusip
WHERE coupon = 1.5
AND istbaelig = '30 year'
AND date = '2022-04-01';


-- 1.5
 original_face |    current_face
---------------+--------------------
 287059.822247 | 255298.28385154996


-- 1.5 and 30year 
 original_face |    current_face
---------------+--------------------
 130800.988761 | 119097.73731987998


-----------------------------------------------------------------------------------------

Select 
    SUM(remainingbalance)/1000000 AS current_face, 
    SUM(cfincmos)/1000000 AS cfincmos,
    SUM(cfinplats)/1000000 AS cfinplats,
    SUM(remainingbalance)/1000000 - SUM(cfincmos)/1000000 - SUM(cfinplats)/1000000 AS float
FROM fanniebodies
INNER JOIN fannies
ON  fanniebodies.cusip = fannies.cusip
WHERE coupon = 2
AND istbaelig = '30 year'
AND date = '2022-04-01';

   current_face    |     cfincmos      |     cfinplats     |       float
-------------------+-------------------+-------------------+-------------------
 993756.6332975999 | 15640.94678593989 | 29631.57776181641 | 948484.1087498436

-- forgot to make it only 30 years here

-- limit 1;
   current_face    |     cfincmos      |     cfinplats     |       float
-------------------+-------------------+-------------------+-------------------
 1274201.786416302 | 24703.69947375221 | 48586.89968229185 | 1200911.187260258

SELECT * 
FROM fanniebodies
INNER JOIN fanniesps
ON  fanniebodies.cusip = fannies.cusip
WHERE coupon = 2
AND istbaelig = '30 year'
AND date = '2022-04-01'
LIMIT 2;


Select 
    SUM(remainingbalance)/1000000 AS current_face, 
    SUM(cfincmos)/1000000 AS cfincmos,
    SUM(cfinplats)/1000000 AS cfinplats,
    SUM(remainingbalance)/1000000 - SUM(cfincmos)/1000000 - SUM(cfinplats)/1000000 AS float
FROM fanniebodies
INNER JOIN fannies
ON  fanniebodies.cusip = fannies.cusip
WHERE coupon = 2
-- AND istbaelig = '30 year'
AND date = '2022-02-01';

    current_face    |     cfincmos      |     cfinplats      |       float
--------------------+-------------------+--------------------+--------------------
 1274201.7864163097 | 24703.69947375221 | 48586.899682291856 | 1200911.1872602657





SELECT * FROM fanniemirrorbodies LIMIT 1;

 Select 
    SUM(remainingbalance)/1000000 AS current_face, 
    SUM(COALESCE(cfincmos, 0))/1000000 AS cfincmos,
    SUM(COALESCE(cfinplats, 0))/1000000 AS cfinplats,
    SUM(remainingbalance)/1000000 - COALESCE(SUM(cfincmos)/1000000, 0) - COALESCE(SUM(cfinplats)/1000000, 0) AS float
FROM fanniemirrorbodies
-- INNER JOIN freddies
-- ON fanniemirrorbodies.cusip = freddies.cusip 
INNER JOIN fanniemirrors
ON fanniemirrorbodies.cusip = fanniemirrors.cusip 
WHERE coupon = 2
AND date = '2022-02-04'
AND fanniemirrorbodies.ecdate = '2022-02-03'
AND istbaelig = '30 year';


    current_face    | cfincmos |     cfinplats      |       float
--------------------+----------+--------------------+--------------------
 2.6517660100000002 |        0 | 0.7929727099999999 | 1.8587933000000003

-- when not limited to 30 year 

    current_face    | cfincmos |     cfinplats     |       float
--------------------+----------+-------------------+-------------------
 1030.7108899437494 |          | 93.35509669763402 | 937.3557932461154

----------------------------------

 Select 
    SUM(remainingbalance)/1000000 AS current_face, 
    SUM(COALESCE(cfincmos, 0))/1000000 AS cfincmos,
    SUM(COALESCE(cfinplats, 0))/1000000 AS cfinplats,
    SUM(remainingbalance)/1000000 - COALESCE(SUM(cfincmos)/1000000, 0) - COALESCE(SUM(cfinplats)/1000000, 0) AS float
FROM fanniemirrorbodies
-- INNER JOIN freddies
-- ON fanniemirrorbodies.cusip = freddies.cusip 
INNER JOIN fanniemirrors
ON fanniemirrorbodies.cusip = fanniemirrors.cusip 
WHERE coupon = 2
AND date = '2022-02-04'
AND fanniemirrorbodies.ecdate = '2022-02-03';
-- AND istbaelig = '30 year';


  Select 
    SUM(remainingbalance)/1000000 AS current_face, 
    SUM(COALESCE(cfincmos, 0))/1000000 AS cfincmos,
    SUM(COALESCE(cfinplats, 0))/1000000 AS cfinplats,
    SUM(remainingbalance)/1000000 - COALESCE(SUM(cfincmos)/1000000, 0) - COALESCE(SUM(cfinplats)/1000000, 0) AS float
FROM freddiebodieswomirrors
-- INNER JOIN freddieswithoutmirrors
-- ON freddiebodieswomirrors.cusip = freddieswithoutmirrors.cusip
INNER JOIN freddies
ON freddiebodieswomirrors.cusip = freddies.cusip
WHERE coupon = 2
AND date = '2022-02-04'
AND freddiebodieswomirrors.ecdate = '2022-02-03'
AND istbaelig = '30 year';


    current_face    |     cfincmos      |     cfinplats      |       float
--------------------+-------------------+--------------------+--------------------
 1374404.0899346892 | 11800.54510896989 | 332723.67113997665 | 1029879.8736857427

--  

    current_face    |      cfincmos      |     cfinplats      |       float
--------------------+--------------------+--------------------+-------------------
 1647604.8267090865 | 29318.766648044693 | 407872.30088864954 | 1210413.759172392


-----------------------------------------------------------
-- want to check for nagative floats 

--  so we have fannie and fannie plats 

SELECT COUNT(*)
FROM fanniebodies
WHERE COALESCE(remainingbalance, 0) - COALESCE(cfincmos, 0) - COALESCE(cfinplats, 0) < -10;
 count
-------
 19180
(1 row)

SELECT COUNT(*)
FROM fanniebodies
WHERE COALESCE(remainingbalance, 0) - COALESCE(cfincmos, 0) < -10;
-- this seems fine 

SELECT COUNT(*)
FROM fanniebodies
WHERE COALESCE(remainingbalance, 0) - COALESCE(cfinplats, 0) < -10;


SELECT *
FROM fanniebodies
WHERE COALESCE(remainingbalance, 0) - COALESCE(cfincmos, 0) - COALESCE(cfinplats, 0) < -10
ORDER BY COALESCE(remainingbalance, 0) - COALESCE(cfincmos, 0) - COALESCE(cfinplats, 0)
LIMIT 5;

   cusip   | coupon | remainingbalance |   factor   | gwac  | wam | wala |    date    |      cfincmos      |     cfinplats      -----------+--------+------------------+------------+-------+-----+------+------------+--------------------+-------------------- 31418CXN9 |      4 |      984820626.2 | 0.13061422 | 4.581 | 305 |   47 | 2022-04-01 |  43083058.70015097 | 2410807525.3612533
 31418DQA3 |      3 |    1728099290.09 | 0.41858243 |  3.85 | 330 |   23 | 2022-04-01 |  90394933.76946114 | 1996898472.9530187
 31418CYM0 |      4 |     845519460.82 | 0.13219738 | 4.637 | 306 |   46 | 2022-04-01 | 30568816.247655053 | 1152422697.2301738
 3140FXDY5 |    4.5 |     329984702.59 | 0.30934246 | 5.133 | 366 |  103 | 2022-04-01 |  147003686.8408754 |  330275484.5042748
 3140FXCQ3 |      4 |     188192319.77 | 0.37525261 |   4.5 | 369 |  101 | 2022-04-01 | 133593065.37963451 |       188192319.77

--  so we got a bunch for fannies

SELECT *
FROM fanniebodies
WHERE COALESCE(remainingbalance, 0) - COALESCE(cfincmos, 0) - COALESCE(cfinplats, 0) < -10
AND cusip = '31418DQA3';


SELECT 
    cusip,
    remainingbalance/1000000 AS rb,
    cfincmos/1000000 as cmo,
    cfinplats/1000000 as plat
FROM fanniebodies
WHERE COALESCE(remainingbalance, 0) - COALESCE(cfincmos, 0) - COALESCE(cfinplats, 0) < -10
ORDER BY COALESCE(remainingbalance, 0) - COALESCE(cfincmos, 0) - COALESCE(cfinplats, 0)
LIMIT 5;


   cusip   |         rb         |        cmo         |        plat
-----------+--------------------+--------------------+--------------------
 31418CXN9 |        984.8206262 | 43.083058700150964 | 2410.8075253612533
 31418DQA3 | 1728.0992900899998 |  90.39493376946113 | 1996.8984729530187
 31418CYM0 |  845.5194608200001 | 30.568816247655054 | 1152.4226972301738
 3140FXDY5 |       329.98470259 |  147.0036868408754 |  330.2754845042748
 3140FXCQ3 |       188.19231977 |  133.5930653796345 |       188.19231977

--  so of the plat data most be way off... 


SELECT COUNT(*)
FROM fannieplatbodies
WHERE COALESCE(remainingbalance, 0) - COALESCE(cfincmos, 0) - COALESCE(cfinplats, 0) < -10;

 count
-------
   311

--    so much less but still there 

SELECT 
    cusip,
    remainingbalance/1000000 AS rb,
    cfincmos/1000000 as cmo,
    cfinplats/1000000 as plat
FROM fannieplatbodies
WHERE COALESCE(remainingbalance, 0) - COALESCE(cfincmos, 0) - COALESCE(cfinplats, 0) < -10
ORDER BY COALESCE(remainingbalance, 0) - COALESCE(cfincmos, 0) - COALESCE(cfinplats, 0)
LIMIT 5;

   cusip   |         rb         |        cmo         |        plat
-----------+--------------------+--------------------+--------------------
 31402Q2R1 |  73.08274429000001 |  73.08274429000001 |  56.21749559082706
 31416CFE1 |        49.51659966 |  46.37668278992661 | 45.005255399831974
 31416CFD3 |        53.87542369 |  40.60994167036789 |  49.97037099849149
 3138EKAN5 | 22.897046149999998 | 22.897046149999998 | 14.151937371065515
 31418MK27 |        18.17190055 |        18.17190055 | 13.978385033692172

--  will need to investigate those 

SELECT COUNT(*)
FROM fanniemirrorbodies
WHERE COALESCE(remainingbalance, 0) - COALESCE(cfincmos, 0) - COALESCE(cfinplats, 0) < -10;

-- 102 not a ton


SELECT COUNT(*)
FROM fannieplatmirrorbodies
WHERE COALESCE(remainingbalance, 0) - COALESCE(cfincmos, 0) - COALESCE(cfinplats, 0) < -10;
 count
-------
   41

--    some here too but fannies is stil the main problem 

SELECT 
    cusip,
    remainingbalance/1000000 AS rb,
    cfincmos/1000000 as cmo,
    cfinplats/1000000 as plat
FROM fannieplatmirrorbodies
WHERE COALESCE(remainingbalance, 0) - COALESCE(cfincmos, 0) - COALESCE(cfinplats, 0) < -10
ORDER BY COALESCE(remainingbalance, 0) - COALESCE(cfincmos, 0) - COALESCE(cfinplats, 0)
LIMIT 5;

   cusip   |         rb         |        cmo         |        plat
-----------+--------------------+--------------------+--------------------
 3132AEJ31 |        89.76917833 |        89.76917833 |        89.76917833
 31329QC25 | 33.856246240000004 | 33.856246240000004 | 28.667932082119925
 3132A9QN0 | 1.0538345754264107 |                    | 11.605545919147495
 3132ACYP9 |   8.92025169207654 |                    | 17.485768270209693
 31329HWX5 |         7.86850044 |         7.86850044 |         7.86850044




SELECT COUNT(*)
FROM freddiebodieswomirrors
WHERE COALESCE(remainingbalance, 0) - COALESCE(cfincmos, 0) - COALESCE(cfinplats, 0) < -10;

 count
-------
 23499
(1 row)

with cmos
 count
-------
 29031

-- I haven't even done the cmos for tehse so that is not good


SELECT 
    cusip,
    remainingbalance/1000000 AS rb,
    cfincmos/1000000 as cmo,
    cfinplats/1000000 as plat
FROM freddiebodieswomirrors
WHERE COALESCE(remainingbalance, 0) - COALESCE(cfincmos, 0) - COALESCE(cfinplats, 0) < -10
ORDER BY COALESCE(remainingbalance, 0) - COALESCE(cfincmos, 0) - COALESCE(cfinplats, 0)
LIMIT 5;

   cusip   |         rb         | cmo |        plat
-----------+--------------------+-----+--------------------
 31292SA67 | 1225.6731112728107 |     |  2390.808269126051
 31292SBC3 |  810.1108120243002 |     | 1682.0777574772658
 31292SAU4 |  839.5429395369703 |     | 1666.0990454310993
 31292SAX8 |  939.3001018157928 |     |  1698.955950854876
 3132WGTJ6 | 386.62448869481375 |     |  900.2224829327653

    cusip   |         rb         |        cmo         |        plat
-----------+--------------------+--------------------+--------------------
 31292SA67 | 1225.6731112728107 |  90.34884086091233 |  2390.808269126051
 31292SBC3 |  810.1108120243002 | 31.013980871423286 | 1682.0777574772658
 31292SAX8 |  939.3001018157928 | 128.68186586506022 |  1698.955950854876
 31292SAU4 |  839.5429395369703 | 1.0146462541202272 | 1666.0990454310993
 3132WGTJ6 | 386.62448869481375 |                    |  900.2224829327653

SELECT COUNT(*)
FROM freddiebodiesplatswomirrors
WHERE COALESCE(remainingbalance, 0) - COALESCE(cfincmos, 0) - COALESCE(cfinplats, 0) < -10;
 count
-------
  6053

  with cmos
   count
-------
  6294

  SELECT 
    cusip,
    remainingbalance/1000000 AS rb,
    cfincmos/1000000 as cmo,
    cfinplats/1000000 as plat
FROM freddiebodiesplatswomirrors
WHERE COALESCE(remainingbalance, 0) - COALESCE(cfincmos, 0) - COALESCE(cfinplats, 0) < -10
ORDER BY COALESCE(remainingbalance, 0) - COALESCE(cfincmos, 0) - COALESCE(cfinplats, 0)
LIMIT 5;

   cusip   |         rb         | cmo |       plat
-----------+--------------------+-----+-------------------
 3128MJYT1 |  2166.137570905954 |     | 5440.039011302439
 3128MJYY0 | 1775.0280549158406 |     | 4975.523448189215
 3128MJZB9 |  3377.036945284661 |     | 6420.038070326097
 3128MJY61 |  3115.801209804025 |     | 6097.251814829498
 3128MJYM6 | 2455.6375635109234 |     | 5207.300330831273

    cusip   |         rb         |        cmo         |       plat
-----------+--------------------+--------------------+-------------------
 3128MJZB9 |  3377.036945284661 | 275.59111586854493 | 6420.038070326097
 3128MJYT1 |  2166.137570905954 |  32.29080447377629 | 5440.039011302439
 3128MJYY0 | 1775.0280549158406 |  84.63471701108188 | 4975.523448189215
 3128MJY61 |  3115.801209804025 | 26.329485416578002 | 6097.251814829498
 3128MJYM6 | 2455.6375635109234 |   72.6447803053332 | 5207.300330831273

 fannies=# SELECT sum(ofinplat) from platinums where poolcusip = '3128MJZB9';
     sum
-------------
 22,576,690,455

 fannies=# SELECT * from freddieplats where cusip = '3128MJZB9';
   cusip   |  name  | indicator | issuedate  | maturitydate | originalface
-----------+--------+-----------+------------+--------------+--------------
 3128MJZB9 | G08737 | G0        | 2016-11-01 | 2046-12-01   |  15,066,288,312

 fannies=# SELECT * from freddiesplatswithoutmirrors where cusip = '3128MJZB9';
   cusip   |  name  | indicator | issuedate  | maturitydate | originalface |   ecdate
-----------+--------+-----------+------------+--------------+--------------+------------
 3128MJZB9 | G08737 | G0        | 2016-11-01 | 2046-12-01   |  11,875,680,009 | 2022-02-03

  platcusip | poolcusip |  ofinplat   |    date
-----------+-----------+-------------+------------
 31335AY77 | 3128MJZB9 |   147357607 | 2021-06-01
 3132A5GA7 | 3128MJZB9 | 15066288312 | 2021-06-01
 31335BRK4 | 3128MJZB9 |     3334000 | 2021-06-01
 31335BPY6 | 3128MJZB9 |       28000 | 2021-06-01
 31335B2M7 | 3128MJZB9 |    53047995 | 2021-06-01
 31335B6Z4 | 3128MJZB9 |     1046116 | 2021-06-01
 31335BN77 | 3128MJZB9 |      198154 | 2021-06-01
 31335BPS9 | 3128MJZB9 |  6836147667 | 2021-06-01
 31335CA38 | 3128MJZB9 |   357182651 | 2021-06-01
 31335BX92 | 3128MJZB9 |     3926000 | 2021-06-01
 31335BV45 | 3128MJZB9 |     2174321 | 2021-06-01
 31335CC69 | 3128MJZB9 |    88423000 | 2021-06-01
 31335CCA0 | 3128MJZB9 |    11092000 | 2021-06-01
 31335CG65 | 3128MJZB9 |     6444632 | 2021-06-01

--  not sure if this is the best place for it but let me test some of teh freddie plats 

SELECT *
FROM ecs e
INNER JOIN freddies f
ON f.cusip = e.fdonecusip
INNER JOIN freddieplats p
ON p.cusip = e.fdtwocusip
limit 2;

 fdonename | fdonecusip | fdtwoname | fdtwocusip | exchangeable | exchanged |    date    |   cusip   |  name  | indicator | issuedate  | maturitydate | originalface | istbaelig |   cusip   |  name  | indicator | issuedate  | maturitydate | originalface
-----------+------------+-----------+------------+--------------+-----------+------------+-----------+--------+-----------+------------+--------------+--------------+-----------+-----------+--------+-----------+------------+--------------+--------------
 N30804    | 31281A3M2  | ZL0674    | 3131XFXB1  |    115688569 |         0 | 2022-02-03 | 31281A3M2 | N30804 | N3        | 2001-06-01 | 2031-06-01   |    115688569 | none      | 3131XFXB1 | ZL0674 | 3L        | 2018-09-01 | 2031-06-01   |    115688569
 N30814    | 31281A3X8  | ZL0675    | 3131XFXC9  |     12870254 |         0 | 2022-02-03 | 31281A3X8 | N30814 | N3        | 2001-08-01 | 2031-08-01   |     12870254 | none      | 3131XFXC9 | ZL0675 | 3L        | 2018-09-01 | 2031-08-01   |     12870254

SELECT COUNT(*)
FROM ecs e
INNER JOIN freddies f
ON f.cusip = e.fdonecusip
INNER JOIN freddieplats p
ON p.cusip = e.fdtwocusip;
 count
-------
 56329
(1 row)

SELECT COUNT(*)
FROM ecs e
INNER JOIN freddieplats f
ON f.cusip = e.fdonecusip
INNER JOIN freddieplats p
ON p.cusip = e.fdtwocusip;

 count
-------
 11085

SELECT *
FROM ecs e
INNER JOIN freddieplats f
ON f.cusip = e.fdonecusip
INNER JOIN freddieplats p
ON p.cusip = e.fdtwocusip
LIMIT 2;

 fdonename | fdonecusip | fdtwoname | fdtwocusip | exchangeable | exchanged |    date    |   cusip   |  name  | indicator | issuedate  | maturitydate | originalface |   cusip   |  name  | indicator | issuedate  | maturitydate | originalface
-----------+------------+-----------+------------+--------------+-----------+------------+-----------+--------+-----------+------------+--------------+--------------+-----------+--------+-----------+------------+--------------+--------------
 N30122    | 31281AD33  | ZT0685    | 3132ACXN5  |     37352120 |         0 | 2022-02-03 | 31281AD33 | N30122 | N3        | 1994-07-01 | 2024-04-01   |     37352120 | 3132ACXN5 | ZT0685 | 3L        | 2018-09-01 | 2024-04-01   |     37352120
 N30123    | 31281AD41  | ZT0686    | 3132ACXP0  |     47569930 |         0 | 2022-02-03 | 31281AD41 | N30123 | N3        | 1996-08-01 | 2026-08-01   |     47569930 | 3132ACXP0 | ZT0686 | 3L        | 2018-09-01 | 2026-08-01   |     47569930
(2 rows)


CREATE TEMP TABLE aretheseplats AS
SELECT p.cusip
FROM ecs e
INNER JOIN freddies f
ON f.cusip = e.fdonecusip
INNER JOIN freddieplats p
ON p.cusip = e.fdtwocusip;


COPY 56329

\copy aretheseplats to 'C:/Users/Public/aretheseplats' csv header;

-- so we have a lot of those 

-- CREATE TEMP TABLE cusips AS
SELECT cusip
FROM fanniebodies
WHERE remainingbalance = cfincmos
AND remainingbalance = cfinplats
and factor > .1;


\copy cusips to 'C:/Users/Public/cusips' csv header;


31418UHR8

     cmo     |   cusip   | faceincmo |    date
-------------+-----------+-----------+------------
 2010-074-11 | 31418UHR8 |   3378654 | 2022-03-01

  platcusip | poolcusip | ofinplat |    date
-----------+-----------+----------+------------
 31374CRL2 | 31418UHR8 |  3378654 | 2021-06-01

3138AWR62

     cmo     |   cusip   | faceincmo |    date
------------+-----------+-----------+------------
 2012-016-3 | 3138AWR62 |   8248372 | 2022-03-01

  platcusip | poolcusip | ofinplat |    date
-----------+-----------+----------+------------
 31374CN85 | 3138AWR62 |  8248372 | 2021-06-01

 SELECT * from ofincmos where cusip IN  ('31418UHR8','3138AWR62', '3138ABPN3', '3138AFZ29', '31416YK98', '3138AYCX5'
 , '3138A8JW7', '31402NM21', '31402QEH0', '31390VSX3', '3140QCKY1', '3140QCRE8', '3138XB2S2'
 , '3140K3NR9', '3138MQZ97'
 , '31411BQG1'
 , '31402XN85'
 , '3138AWRY1'
 , '31400ASA7'
 , '3138AYWZ8'
 , '31410XWS1'
 , '31402NMS4'
 , '3140QCB88'
 , '3138E24T9')
 ORDER BY cusip ;

  SELECT * from platinums where poolcusip IN  ('31418UHR8','3138AWR62', '3138ABPN3', '3138AFZ29', '31416YK98', '3138AYCX5'
 , '3138A8JW7', '31402NM21', '31402QEH0', '31390VSX3', '3140QCKY1', '3140QCRE8', '3138XB2S2'
 , '3140K3NR9', '3138MQZ97'
 , '31411BQG1'
 , '31402XN85'
 , '3138AWRY1'
 , '31400ASA7'
 , '3138AYWZ8'
 , '31410XWS1'
 , '31402NMS4'
 , '3140QCB88'
 , '3138E24T9') 
 ORDER BY poolcusip ;

 SELECT * 
 from ofincmos 
 INNER JOIN (
 
  SELECT * from platinums where poolcusip IN  ('31418UHR8','3138AWR62', '3138ABPN3', '3138AFZ29', '31416YK98', '3138AYCX5'
 , '3138A8JW7', '31402NM21', '31402QEH0', '31390VSX3', '3140QCKY1', '3140QCRE8', '3138XB2S2'
 , '3140K3NR9', '3138MQZ97'
 , '31411BQG1'
 , '31402XN85'
 , '3138AWRY1'
 , '31400ASA7'
 , '3138AYWZ8'
 , '31410XWS1'
 , '31402NMS4'
 , '3140QCB88'
 , '3138E24T9') 
) AS a 
ON ofincmos.cusip = a.poolcusip
 where cusip IN  ('31418UHR8','3138AWR62', '3138ABPN3', '3138AFZ29', '31416YK98', '3138AYCX5'
 , '3138A8JW7', '31402NM21', '31402QEH0', '31390VSX3', '3140QCKY1', '3140QCRE8', '3138XB2S2'
 , '3140K3NR9', '3138MQZ97'
 , '31411BQG1'
 , '31402XN85'
 , '3138AWRY1'
 , '31400ASA7'
 , '3138AYWZ8'
 , '31410XWS1'
 , '31402NMS4'
 , '3140QCB88'
 , '3138E24T9')

-- trying to figure out floats 

CREATE TEMP TABLE plats AS
SELECT * 
from fannieplats 
where name LIKE '310%';


-- CREATE TEMP TABLE step2 AS
-- SELECT COUNT(*) 
SELECT * 
FROM plats p
inner jOIN ofincmos o 
ON p.cusip = o.cusip
AND p.originalface = o.faceincmo
-- INNER JOIN platinums pl
-- ON p.cusip = pl.poolcusip
LIMIT 4;


CREATE TEMP TABLE step2 AS
SELECT  p.cusip,
        p.name,
        p.originalface,
        o.cmo,
        o.faceincmo
FROM plats p
inner jOIN ofincmos o 
ON p.cusip = o.cusip;
-- AND p.originalface = o.faceincmo
-- INNER JOIN platinums pl
-- ON p.cusip = pl.poolcusip
LIMIT 4;

-- GROUP BY p.cusip
-- Limit 4 


SELECT * 
FROM step2 p
inner jOIN platinums o 
ON p.cusip = o.poolcusip
Limit 4; 

CREATE TEMP TABLE step3 as
SELECT 
        cusip,
       originalface,
       sum(faceincmo) AS faceincmo
FROM step2 
GROUP BY cusip, originalface;
-- HAVING originalface = sum(faceincmo); 
Limit 4; 

SELECT count(*) 
from step3
where originalface = faceincmo


SELECT p.cusip
       p.originalface,
       sum(faceincmo), 
FROM step2 p
inner jOIN platinums o 
ON p.cusip = o.poolcusip
Limit 4; 